[
    {
        "avatar_url": "https://avatars.githubusercontent.com/u/1?v=4",
        "login": "mojombo",
        "bio": "Co-founder of GitHub",
        "followers": 2100,
        "following": 10
    },
    {
        "avatar_url": "https://avatars.githubusercontent.com/u/2?v=4",
        "login": "defunkt",
        "bio": "Co-founder of GitHub",
        "followers": 1800,
        "following": 20
    },
    {
        "avatar_url": "https://avatars.githubusercontent.com/u/3?v=4",
        "login": "pjhyett",
        "bio": "Co-founder of GitHub",
        "followers": 1700,
        "following": 30
    },
    {
        "avatar_url": "https://avatars.githubusercontent.com/u/4?v=4",
        "login": "wycats",
        "bio": "Co-founder of @emberjs",
        "followers": 1200,
        "following": 25
    },
    {
        "avatar_url": "https://avatars.githubusercontent.com/u/5?v=4",
        "login": "ezmobius",
        "bio": "Founder of Engine Yard",
        "followers": 800,
        "following": 15
    }
]